<?xml version='1.1' encoding='UTF-8'?>
<result plugin="junit@1.29">
  <suites>
    <suite>
      <file>/Users/tectoo/.jenkins/workspace/ecommerce/target/surefire-reports/TEST-com.example.demo.SareetaApplicationTests.xml</file>
      <name>com.example.demo.SareetaApplicationTests</name>
      <duration>8.935</duration>
      <time>8.935</time>
      <nodeId>46</nodeId>
      <enclosingBlocks>
        <string>39</string>
      </enclosingBlocks>
      <enclosingBlockNames>
        <string>Unit tests</string>
      </enclosingBlockNames>
      <cases>
        <case>
          <duration>0.039</duration>
          <className>com.example.demo.controllers.UserControllerTest</className>
          <testName>shouldSuccessfullyCreateUser</testName>
          <skipped>false</skipped>
          <failedSince>0</failedSince>
        </case>
        <case>
          <duration>0.002</duration>
          <className>com.example.demo.controllers.UserControllerTest</className>
          <testName>shouldSuccessfullyRetrieveUserById</testName>
          <skipped>false</skipped>
          <failedSince>0</failedSince>
        </case>
        <case>
          <duration>0.0</duration>
          <className>com.example.demo.controllers.UserControllerTest</className>
          <testName>shouldSuccessfullyRetrieveUserByUsername</testName>
          <skipped>false</skipped>
          <failedSince>0</failedSince>
        </case>
        <case>
          <duration>0.002</duration>
          <className>com.example.demo.controllers.UserControllerTest</className>
          <testName>shouldFailToCreateUserWithShortPassword</testName>
          <skipped>false</skipped>
          <failedSince>0</failedSince>
        </case>
        <case>
          <duration>0.0</duration>
          <className>com.example.demo.controllers.ItemControllerTest</className>
          <testName>shouldSuccessfullyRetrieveItemById</testName>
          <skipped>false</skipped>
          <failedSince>0</failedSince>
        </case>
        <case>
          <duration>0.002</duration>
          <className>com.example.demo.controllers.ItemControllerTest</className>
          <testName>shouldSuccessfullyRetrieveAllItems</testName>
          <skipped>false</skipped>
          <failedSince>0</failedSince>
        </case>
        <case>
          <duration>0.001</duration>
          <className>com.example.demo.controllers.ItemControllerTest</className>
          <testName>shouldSuccessfullyRetrieveItemByName</testName>
          <skipped>false</skipped>
          <failedSince>0</failedSince>
        </case>
        <case>
          <duration>0.005</duration>
          <className>com.example.demo.controllers.CartControllerTest</className>
          <testName>shouldSuccessfullyRemoveItemFromCart</testName>
          <skipped>false</skipped>
          <failedSince>0</failedSince>
        </case>
        <case>
          <duration>0.002</duration>
          <className>com.example.demo.controllers.CartControllerTest</className>
          <testName>shouldSuccessfullyAddItemToCart</testName>
          <skipped>false</skipped>
          <failedSince>0</failedSince>
        </case>
        <case>
          <duration>0.001</duration>
          <className>com.example.demo.controllers.CartControllerTest</className>
          <testName>shouldFailToRemoveUnexistingItemFromCart</testName>
          <skipped>false</skipped>
          <failedSince>0</failedSince>
        </case>
        <case>
          <duration>0.003</duration>
          <className>com.example.demo.controllers.OrderControllerTest</className>
          <testName>shouldSuccessfullyRetrieveUserOrdersHistory</testName>
          <skipped>false</skipped>
          <failedSince>0</failedSince>
        </case>
        <case>
          <duration>0.004</duration>
          <className>com.example.demo.controllers.OrderControllerTest</className>
          <testName>shouldSuccessfullySubmitOrder</testName>
          <skipped>false</skipped>
          <failedSince>0</failedSince>
        </case>
        <case>
          <duration>0.001</duration>
          <className>com.example.demo.controllers.OrderControllerTest</className>
          <testName>shouldFailToCreateOrderDueToUnexistingUser</testName>
          <skipped>false</skipped>
          <failedSince>0</failedSince>
        </case>
        <case>
          <duration>0.938</duration>
          <className>com.example.demo.UserEndpointsIntegrationTests</className>
          <testName>shouldSuccessfullyLoginAndItemToCart</testName>
          <skipped>false</skipped>
          <failedSince>0</failedSince>
        </case>
        <case>
          <duration>0.171</duration>
          <className>com.example.demo.UserEndpointsIntegrationTests</className>
          <testName>shouldSuccessfullyLogin</testName>
          <skipped>false</skipped>
          <failedSince>0</failedSince>
        </case>
      </cases>
    </suite>
    <suite>
      <file>/Users/tectoo/.jenkins/workspace/ecommerce/target/surefire-reports/TEST-com.example.demo.UserEndpointsIntegrationTests.xml</file>
      <name>com.example.demo.UserEndpointsIntegrationTests</name>
      <duration>0.316</duration>
      <time>0.316</time>
      <nodeId>46</nodeId>
      <enclosingBlocks>
        <string>39</string>
      </enclosingBlocks>
      <enclosingBlockNames>
        <string>Unit tests</string>
      </enclosingBlockNames>
      <cases>
        <case>
          <duration>0.129</duration>
          <className>com.example.demo.UserEndpointsIntegrationTests</className>
          <testName>shouldSuccessfullyLoginAndItemToCart</testName>
          <skipped>false</skipped>
          <failedSince>0</failedSince>
        </case>
        <case>
          <duration>0.165</duration>
          <className>com.example.demo.UserEndpointsIntegrationTests</className>
          <testName>shouldSuccessfullyLogin</testName>
          <skipped>false</skipped>
          <failedSince>0</failedSince>
        </case>
      </cases>
    </suite>
    <suite>
      <file>/Users/tectoo/.jenkins/workspace/ecommerce/target/surefire-reports/TEST-com.example.demo.controllers.CartControllerTest.xml</file>
      <name>com.example.demo.controllers.CartControllerTest</name>
      <duration>0.002</duration>
      <time>0.002</time>
      <nodeId>46</nodeId>
      <enclosingBlocks>
        <string>39</string>
      </enclosingBlocks>
      <enclosingBlockNames>
        <string>Unit tests</string>
      </enclosingBlockNames>
      <cases>
        <case>
          <duration>0.0</duration>
          <className>com.example.demo.controllers.CartControllerTest</className>
          <testName>shouldSuccessfullyRemoveItemFromCart</testName>
          <skipped>false</skipped>
          <failedSince>0</failedSince>
        </case>
        <case>
          <duration>0.001</duration>
          <className>com.example.demo.controllers.CartControllerTest</className>
          <testName>shouldSuccessfullyAddItemToCart</testName>
          <skipped>false</skipped>
          <failedSince>0</failedSince>
        </case>
        <case>
          <duration>0.0</duration>
          <className>com.example.demo.controllers.CartControllerTest</className>
          <testName>shouldFailToRemoveUnexistingItemFromCart</testName>
          <skipped>false</skipped>
          <failedSince>0</failedSince>
        </case>
      </cases>
    </suite>
    <suite>
      <file>/Users/tectoo/.jenkins/workspace/ecommerce/target/surefire-reports/TEST-com.example.demo.controllers.ItemControllerTest.xml</file>
      <name>com.example.demo.controllers.ItemControllerTest</name>
      <duration>0.0</duration>
      <time>0</time>
      <nodeId>46</nodeId>
      <enclosingBlocks>
        <string>39</string>
      </enclosingBlocks>
      <enclosingBlockNames>
        <string>Unit tests</string>
      </enclosingBlockNames>
      <cases>
        <case>
          <duration>0.0</duration>
          <className>com.example.demo.controllers.ItemControllerTest</className>
          <testName>shouldSuccessfullyRetrieveItemById</testName>
          <skipped>false</skipped>
          <failedSince>0</failedSince>
        </case>
        <case>
          <duration>0.0</duration>
          <className>com.example.demo.controllers.ItemControllerTest</className>
          <testName>shouldSuccessfullyRetrieveAllItems</testName>
          <skipped>false</skipped>
          <failedSince>0</failedSince>
        </case>
        <case>
          <duration>0.0</duration>
          <className>com.example.demo.controllers.ItemControllerTest</className>
          <testName>shouldSuccessfullyRetrieveItemByName</testName>
          <skipped>false</skipped>
          <failedSince>0</failedSince>
        </case>
      </cases>
    </suite>
    <suite>
      <file>/Users/tectoo/.jenkins/workspace/ecommerce/target/surefire-reports/TEST-com.example.demo.controllers.OrderControllerTest.xml</file>
      <name>com.example.demo.controllers.OrderControllerTest</name>
      <duration>0.002</duration>
      <time>0.002</time>
      <nodeId>46</nodeId>
      <enclosingBlocks>
        <string>39</string>
      </enclosingBlocks>
      <enclosingBlockNames>
        <string>Unit tests</string>
      </enclosingBlockNames>
      <cases>
        <case>
          <duration>0.0</duration>
          <className>com.example.demo.controllers.OrderControllerTest</className>
          <testName>shouldSuccessfullyRetrieveUserOrdersHistory</testName>
          <skipped>false</skipped>
          <failedSince>0</failedSince>
        </case>
        <case>
          <duration>0.001</duration>
          <className>com.example.demo.controllers.OrderControllerTest</className>
          <testName>shouldSuccessfullySubmitOrder</testName>
          <skipped>false</skipped>
          <failedSince>0</failedSince>
        </case>
        <case>
          <duration>0.001</duration>
          <className>com.example.demo.controllers.OrderControllerTest</className>
          <testName>shouldFailToCreateOrderDueToUnexistingUser</testName>
          <skipped>false</skipped>
          <failedSince>0</failedSince>
        </case>
      </cases>
    </suite>
    <suite>
      <file>/Users/tectoo/.jenkins/workspace/ecommerce/target/surefire-reports/TEST-com.example.demo.controllers.UserControllerTest.xml</file>
      <name>com.example.demo.controllers.UserControllerTest</name>
      <duration>0.002</duration>
      <time>0.002</time>
      <nodeId>46</nodeId>
      <enclosingBlocks>
        <string>39</string>
      </enclosingBlocks>
      <enclosingBlockNames>
        <string>Unit tests</string>
      </enclosingBlockNames>
      <cases>
        <case>
          <duration>0.001</duration>
          <className>com.example.demo.controllers.UserControllerTest</className>
          <testName>shouldSuccessfullyCreateUser</testName>
          <skipped>false</skipped>
          <failedSince>0</failedSince>
        </case>
        <case>
          <duration>0.0</duration>
          <className>com.example.demo.controllers.UserControllerTest</className>
          <testName>shouldSuccessfullyRetrieveUserById</testName>
          <skipped>false</skipped>
          <failedSince>0</failedSince>
        </case>
        <case>
          <duration>0.0</duration>
          <className>com.example.demo.controllers.UserControllerTest</className>
          <testName>shouldSuccessfullyRetrieveUserByUsername</testName>
          <skipped>false</skipped>
          <failedSince>0</failedSince>
        </case>
        <case>
          <duration>0.001</duration>
          <className>com.example.demo.controllers.UserControllerTest</className>
          <testName>shouldFailToCreateUserWithShortPassword</testName>
          <skipped>false</skipped>
          <failedSince>0</failedSince>
        </case>
      </cases>
    </suite>
  </suites>
  <duration>9.257</duration>
  <keepLongStdio>false</keepLongStdio>
</result>