<?xml version='1.1' encoding='UTF-8'?>
<Tag plugin="workflow-support@3.7">
  <node class="cps.n.StepStartNode" plugin="workflow-cps@2.88">
    <parentIds>
      <string>38</string>
    </parentIds>
    <id>39</id>
    <descriptorId>org.jenkinsci.plugins.workflow.support.steps.StageStep</descriptorId>
  </node>
  <actions>
    <wf.a.BodyInvocationAction plugin="workflow-api@2.41"/>
    <wf.a.LabelAction plugin="workflow-api@2.41">
      <displayName>Unit tests</displayName>
    </wf.a.LabelAction>
    <wf.a.TimingAction plugin="workflow-api@2.41">
      <startTime>1614479903839</startTime>
    </wf.a.TimingAction>
  </actions>
</Tag>