<?xml version='1.1' encoding='UTF-8'?>
<Tag plugin="workflow-support@3.7">
  <node class="cps.n.StepAtomNode" plugin="workflow-cps@2.88">
    <parentIds>
      <string>46</string>
    </parentIds>
    <id>47</id>
    <descriptorId>org.jenkinsci.plugins.workflow.steps.CoreStep</descriptorId>
  </node>
  <actions>
    <cps.a.ArgumentsActionImpl plugin="workflow-cps@2.88">
      <arguments>
        <entry>
          <string>delegate</string>
          <org.jenkinsci.plugins.structs.describable.UninstantiatedDescribable plugin="structs@1.21">
            <symbol>jacoco</symbol>
            <arguments class="tree-map">
              <entry>
                <string>execPattern</string>
                <string>target/jacoco.exec</string>
              </entry>
            </arguments>
          </org.jenkinsci.plugins.structs.describable.UninstantiatedDescribable>
        </entry>
      </arguments>
      <sensitiveVariables/>
      <isUnmodifiedBySanitization>true</isUnmodifiedBySanitization>
    </cps.a.ArgumentsActionImpl>
    <wf.a.TimingAction plugin="workflow-api@2.41">
      <startTime>1614479917416</startTime>
    </wf.a.TimingAction>
    <s.a.LogStorageAction/>
  </actions>
</Tag>