<?xml version='1.1' encoding='UTF-8'?>
<Tag plugin="workflow-support@3.7">
  <node class="cps.n.StepStartNode" plugin="workflow-cps@2.88">
    <parentIds>
      <string>4</string>
    </parentIds>
    <id>5</id>
    <descriptorId>org.jenkinsci.plugins.workflow.steps.EnvStep</descriptorId>
  </node>
  <actions>
    <s.a.LogStorageAction/>
    <cps.a.ArgumentsActionImpl plugin="workflow-cps@2.88">
      <arguments>
        <entry>
          <string>overrides</string>
          <list>
            <string>EC2_USER=ec2-user</string>
            <string>EC2_HOST=ec2-54-215-128-155.us-west-1.compute.amazonaws.com</string>
            <string>EC2_KEY_ID=ec9f6f1c-fbd4-4855-8303-1cd3c5906eaa</string>
          </list>
        </entry>
      </arguments>
      <sensitiveVariables/>
      <isUnmodifiedBySanitization>true</isUnmodifiedBySanitization>
    </cps.a.ArgumentsActionImpl>
    <wf.a.TimingAction plugin="workflow-api@2.41">
      <startTime>1614479899721</startTime>
    </wf.a.TimingAction>
  </actions>
</Tag>