<?xml version='1.1' encoding='UTF-8'?>
<Tag plugin="workflow-support@3.7">
  <node class="cps.n.StepAtomNode" plugin="workflow-cps@2.88">
    <parentIds>
      <string>54</string>
    </parentIds>
    <id>55</id>
    <descriptorId>org.jenkinsci.plugins.pipeline.modeldefinition.steps.EnvVarsForToolStep</descriptorId>
  </node>
  <actions>
    <cps.a.ArgumentsActionImpl plugin="workflow-cps@2.88">
      <arguments>
        <entry>
          <string>toolId</string>
          <string>hudson.tasks.Maven$MavenInstallation</string>
        </entry>
        <entry>
          <string>toolVersion</string>
          <string>M3</string>
        </entry>
      </arguments>
      <sensitiveVariables/>
      <isUnmodifiedBySanitization>true</isUnmodifiedBySanitization>
    </cps.a.ArgumentsActionImpl>
    <wf.a.TimingAction plugin="workflow-api@2.41">
      <startTime>1614479917524</startTime>
    </wf.a.TimingAction>
    <s.a.LogStorageAction/>
  </actions>
</Tag>