<?xml version='1.1' encoding='UTF-8'?>
<Tag plugin="workflow-support@3.7">
  <node class="cps.n.StepAtomNode" plugin="workflow-cps@2.88">
    <parentIds>
      <string>59</string>
    </parentIds>
    <id>60</id>
    <descriptorId>org.jenkinsci.plugins.workflow.steps.CoreStep</descriptorId>
  </node>
  <actions>
    <cps.a.ArgumentsActionImpl plugin="workflow-cps@2.88">
      <arguments>
        <entry>
          <string>delegate</string>
          <org.jenkinsci.plugins.structs.describable.UninstantiatedDescribable plugin="structs@1.21">
            <symbol>archiveArtifacts</symbol>
            <arguments class="tree-map">
              <entry>
                <string>artifacts</string>
                <string>target/*.jar</string>
              </entry>
              <entry>
                <string>fingerprint</string>
                <boolean>true</boolean>
              </entry>
            </arguments>
          </org.jenkinsci.plugins.structs.describable.UninstantiatedDescribable>
        </entry>
      </arguments>
      <sensitiveVariables/>
      <isUnmodifiedBySanitization>true</isUnmodifiedBySanitization>
    </cps.a.ArgumentsActionImpl>
    <wf.a.TimingAction plugin="workflow-api@2.41">
      <startTime>1614479928601</startTime>
    </wf.a.TimingAction>
    <s.a.LogStorageAction/>
  </actions>
</Tag>