<?xml version='1.1' encoding='UTF-8'?>
<Tag plugin="workflow-support@3.7">
  <node class="cps.n.StepStartNode" plugin="workflow-cps@2.88">
    <parentIds>
      <string>68</string>
    </parentIds>
    <id>69</id>
    <descriptorId>org.jenkinsci.plugins.workflow.steps.EnvStep</descriptorId>
  </node>
  <actions>
    <s.a.LogStorageAction/>
    <cps.a.ArgumentsActionImpl plugin="workflow-cps@2.88">
      <arguments>
        <entry>
          <string>overrides</string>
          <list>
            <string>M2_HOME=/Users/tectoo/.jenkins/tools/hudson.tasks.Maven_MavenInstallation/M3</string>
            <string>MAVEN_HOME=/Users/tectoo/.jenkins/tools/hudson.tasks.Maven_MavenInstallation/M3</string>
            <string>PATH+MAVEN=/Users/tectoo/.jenkins/tools/hudson.tasks.Maven_MavenInstallation/M3/bin</string>
          </list>
        </entry>
      </arguments>
      <sensitiveVariables/>
      <isUnmodifiedBySanitization>true</isUnmodifiedBySanitization>
    </cps.a.ArgumentsActionImpl>
    <wf.a.TimingAction plugin="workflow-api@2.41">
      <startTime>1614479928945</startTime>
    </wf.a.TimingAction>
  </actions>
</Tag>