<?xml version='1.1' encoding='UTF-8'?>
<Tag plugin="workflow-support@3.7">
  <node class="cps.n.StepStartNode" plugin="workflow-cps@2.88">
    <parentIds>
      <string>82</string>
    </parentIds>
    <id>83</id>
    <descriptorId>com.cloudbees.jenkins.plugins.sshagent.SSHAgentStep</descriptorId>
  </node>
  <actions>
    <s.a.LogStorageAction/>
    <cps.a.ArgumentsActionImpl plugin="workflow-cps@2.88">
      <arguments>
        <entry>
          <string>credentials</string>
          <list>
            <string>ec9f6f1c-fbd4-4855-8303-1cd3c5906eaa</string>
          </list>
        </entry>
      </arguments>
      <sensitiveVariables/>
      <isUnmodifiedBySanitization>true</isUnmodifiedBySanitization>
    </cps.a.ArgumentsActionImpl>
    <wf.a.TimingAction plugin="workflow-api@2.41">
      <startTime>1614479954849</startTime>
    </wf.a.TimingAction>
  </actions>
</Tag>