<?xml version='1.1' encoding='UTF-8'?>
<Tag plugin="workflow-support@3.7">
  <node class="cps.n.StepStartNode" plugin="workflow-cps@2.88">
    <parentIds>
      <string>83</string>
    </parentIds>
    <id>84</id>
    <descriptorId>com.cloudbees.jenkins.plugins.sshagent.SSHAgentStep</descriptorId>
  </node>
  <actions>
    <wf.a.BodyInvocationAction plugin="workflow-api@2.41"/>
    <wf.a.TimingAction plugin="workflow-api@2.41">
      <startTime>1614479954882</startTime>
    </wf.a.TimingAction>
  </actions>
</Tag>