<?xml version='1.1' encoding='UTF-8'?>
<Tag plugin="workflow-support@3.7">
  <node class="cps.n.StepAtomNode" plugin="workflow-cps@2.88">
    <parentIds>
      <string>84</string>
    </parentIds>
    <id>85</id>
    <descriptorId>org.jenkinsci.plugins.workflow.steps.durable_task.ShellStep</descriptorId>
  </node>
  <actions>
    <cps.a.ArgumentsActionImpl plugin="workflow-cps@2.88">
      <arguments>
        <entry>
          <string>script</string>
          <string>ssh -o StrictHostKeyChecking=no -t ec2-user@ec2-54-215-128-155.us-west-1.compute.amazonaws.com &quot;
                        sudo yum update -y;
                        sudo yum install -y docker;
                        sudo service docker start;
                        sudo usermod -a -G docker ec2-user;
                        docker run -d -p 8080:8080 tayfint/auth-course:0.0.1-SNAPSHOT&quot;</string>
        </entry>
        <entry>
          <string>label</string>
          <string></string>
        </entry>
      </arguments>
      <sensitiveVariables/>
      <isUnmodifiedBySanitization>true</isUnmodifiedBySanitization>
    </cps.a.ArgumentsActionImpl>
    <wf.a.TimingAction plugin="workflow-api@2.41">
      <startTime>1614479954890</startTime>
    </wf.a.TimingAction>
    <s.a.LogStorageAction/>
  </actions>
</Tag>